-- phpMyAdmin SQL Dump
-- version 4.6.4
-- https://www.phpmyadmin.net/
--
-- Host: 127.0.0.1
-- Generation Time: Sep 15, 2018 at 11:19 AM
-- Server version: 5.7.14
-- PHP Version: 5.6.25

SET SQL_MODE = "NO_AUTO_VALUE_ON_ZERO";
SET time_zone = "+00:00";


/*!40101 SET @OLD_CHARACTER_SET_CLIENT=@@CHARACTER_SET_CLIENT */;
/*!40101 SET @OLD_CHARACTER_SET_RESULTS=@@CHARACTER_SET_RESULTS */;
/*!40101 SET @OLD_COLLATION_CONNECTION=@@COLLATION_CONNECTION */;
/*!40101 SET NAMES utf8mb4 */;

--
-- Database: `aplication_db`
--

-- --------------------------------------------------------

--
-- Table structure for table `campdetails`
--

CREATE TABLE `campdetails` (
  `camp_id` int(11) NOT NULL,
  `campName` text NOT NULL,
  `startDate` date NOT NULL,
  `endDate` date NOT NULL,
  `sponsorName` text NOT NULL,
  `grantType` text NOT NULL,
  `campType` text NOT NULL,
  `campMode` text NOT NULL,
  `campStatus` text NOT NULL
) ENGINE=InnoDB DEFAULT CHARSET=latin1;

--
-- Dumping data for table `campdetails`
--

INSERT INTO `campdetails` (`camp_id`, `campName`, `startDate`, `endDate`, `sponsorName`, `grantType`, `campType`, `campMode`, `campStatus`) VALUES
(2, 'test', '2018-01-20', '2018-01-21', 'test', 'India', 'Other', 'Other', 'no'),
(3, 'Girnatr', '2018-01-28', '2018-01-28', 'ARS', 'India', 'India', 'Other', 'yes'),
(4, 'Ahmedabad', '2018-01-28', '2018-01-29', 'SBI', 'Other', 'Other', 'Other', 'yes');

-- --------------------------------------------------------

--
-- Table structure for table `casedata`
--

CREATE TABLE `casedata` (
  `ncaseid` int(11) NOT NULL,
  `userid` int(11) DEFAULT NULL,
  `createdat` date DEFAULT NULL,
  `modfiedat` date DEFAULT NULL,
  `aidrecom` text NOT NULL,
  `lateral` text NOT NULL,
  `side` text NOT NULL,
  `usercod` text NOT NULL,
  `userscod` text NOT NULL,
  `measureby` text NOT NULL,
  `measuredate` date NOT NULL,
  `issuedate` date NOT NULL,
  `madeby` text NOT NULL,
  `idref` int(11) DEFAULT NULL,
  `masternum` varchar(11) NOT NULL,
  `masterdate` date NOT NULL,
  `orprnum` varchar(11) NOT NULL,
  `case_key` varchar(50) DEFAULT NULL
) ENGINE=MyISAM DEFAULT CHARSET=latin1;

--
-- Dumping data for table `casedata`
--

INSERT INTO `casedata` (`ncaseid`, `userid`, `createdat`, `modfiedat`, `aidrecom`, `lateral`, `side`, `usercod`, `userscod`, `measureby`, `measuredate`, `issuedate`, `madeby`, `idref`, `masternum`, `masterdate`, `orprnum`, `case_key`) VALUES
(1, 1, NULL, NULL, 'Orthosis', 'bi', 'left', 'Amputation', 'Leprosy', 'Staff1', '2018-01-27', '2018-01-28', 'Staff1', NULL, '12335', '2018-01-27', '12345', NULL),
(2, NULL, NULL, NULL, 'Prosthesis', 'uni', 'left', 'Amputation', 'Diabetes', 'Staff1', '1989-12-12', '1111-12-12', 'Staff1', NULL, '123', '1997-02-02', '1234', NULL),
(3, NULL, NULL, NULL, 'Prosthesis', 'uni', 'left', 'Amputation', 'Diabetes', 'Staff1', '1989-12-12', '1111-12-12', 'Staff1', NULL, 'shah', '1997-02-02', 'vbjads1234', NULL),
(4, NULL, NULL, NULL, 'Prosthesis', 'uni', 'left', 'Amputation', 'Diabetes', 'Staff1', '1989-12-12', '1111-12-12', 'Staff1', NULL, 'shah', '1997-02-02', 'vbjads1234', NULL),
(5, 1, NULL, NULL, 'Prosthesis', 'uni', 'left', 'Amputation', 'Diabetes', 'Staff1', '1989-12-12', '1111-12-12', 'Staff1', NULL, 'shah', '1997-02-02', 'vbjads1234', NULL),
(6, NULL, NULL, NULL, 'Prosthesis', 'uni', 'left', 'Amputation', 'Diabetes', 'Staff1', '2018-12-31', '2018-12-31', 'Staff1', NULL, '123', '2018-12-31', '123', 'tes130918219035');

-- --------------------------------------------------------

--
-- Table structure for table `district`
--

CREATE TABLE `district` (
  `id` int(11) NOT NULL,
  `districtName` varchar(30) NOT NULL,
  `createdAt` date NOT NULL,
  `updatedAt` date NOT NULL,
  `status` int(11) NOT NULL,
  `stateId` int(11) NOT NULL
) ENGINE=MyISAM DEFAULT CHARSET=latin1;

--
-- Dumping data for table `district`
--

INSERT INTO `district` (`id`, `districtName`, `createdAt`, `updatedAt`, `status`, `stateId`) VALUES
(4, 'North & Middle Andaman', '2018-01-27', '2018-01-27', 1, 3),
(5, 'South Andaman', '2018-01-27', '2018-01-27', 1, 3),
(6, 'Nicobar', '2018-01-27', '2018-01-27', 1, 3),
(7, 'Anantapur', '2018-01-27', '2018-01-27', 1, 4),
(8, 'Chittoor', '2018-01-27', '2018-01-27', 1, 4),
(9, 'East Godavari', '2018-01-27', '2018-01-27', 1, 4),
(10, 'Guntur', '2018-01-27', '2018-01-27', 1, 4),
(11, 'Krishna', '2018-01-27', '2018-01-27', 1, 4),
(12, 'Kurnool', '2018-01-27', '2018-01-27', 1, 4),
(13, 'Prakasam', '2018-01-27', '2018-01-27', 1, 4),
(14, 'Srikakulam', '2018-01-27', '2018-01-27', 1, 4),
(15, 'Sri Potti Sri Ramulu Nellore', '2018-01-27', '2018-01-27', 1, 4),
(16, 'Vishakhapatnam', '2018-01-27', '2018-01-27', 1, 4),
(17, 'Vizianagaram', '2018-01-27', '2018-01-27', 1, 4),
(18, 'West Godavari', '2018-01-27', '2018-01-27', 1, 4),
(19, 'Cudappah', '2018-01-27', '2018-01-27', 1, 4),
(20, 'Anjaw', '2018-01-27', '2018-01-27', 1, 5),
(21, 'Changlang', '2018-01-27', '2018-01-27', 1, 5),
(22, 'Dibang Valley', '2018-01-27', '2018-01-27', 1, 5),
(23, 'East Siang', '2018-01-27', '2018-01-27', 1, 5),
(24, 'East Kameng', '2018-01-27', '2018-01-27', 1, 5),
(25, 'Kurung Kumey', '2018-01-27', '2018-01-27', 1, 5),
(26, 'Lohit', '2018-01-27', '2018-01-27', 1, 5),
(27, 'Longding', '2018-01-27', '2018-01-27', 1, 5),
(28, 'Lower Dibang Valley', '2018-01-27', '2018-01-27', 1, 5),
(29, 'Lower Subansiri', '2018-01-27', '2018-01-27', 1, 5),
(30, 'Papum Pare', '2018-01-27', '2018-01-27', 1, 5),
(31, 'Tawang', '2018-01-27', '2018-01-27', 1, 5),
(32, 'Tirap', '2018-01-27', '2018-01-27', 1, 5),
(33, 'Upper Siang', '2018-01-27', '2018-01-27', 1, 5),
(34, 'Upper Subansiri', '2018-01-27', '2018-01-27', 1, 5),
(35, 'West Kameng', '2018-01-27', '2018-01-27', 1, 5),
(36, 'West Siang', '2018-01-27', '2018-01-27', 1, 5),
(37, 'Baksa', '2018-01-27', '2018-01-27', 1, 6),
(38, 'Barpeta', '2018-01-27', '2018-01-27', 1, 6),
(39, 'Bongaigaon', '2018-01-27', '2018-01-27', 1, 6),
(40, 'Cachar', '2018-01-27', '2018-01-27', 1, 6),
(41, 'Chirang', '2018-01-27', '2018-01-27', 1, 6),
(42, 'Darrang', '2018-01-27', '2018-01-27', 1, 6),
(43, 'Dhemaji', '2018-01-27', '2018-01-27', 1, 6),
(44, 'Dima Hasao', '2018-01-27', '2018-01-27', 1, 6),
(45, 'Dhubri', '2018-01-27', '2018-01-27', 1, 6),
(46, 'Dibrugarh', '2018-01-27', '2018-01-27', 1, 6),
(47, '13lpara', '2018-01-27', '2018-01-27', 1, 6),
(48, 'Golaghat', '2018-01-27', '2018-01-27', 1, 6),
(49, 'Hailakandi', '2018-01-27', '2018-01-27', 1, 6),
(50, 'Jorhat', '2018-01-27', '2018-01-27', 1, 6),
(51, 'Kamrup', '2018-01-27', '2018-01-27', 1, 6),
(52, 'Kamrup Metropolitan', '2018-01-27', '2018-01-27', 1, 6),
(53, 'Karbi Anglong', '2018-01-27', '2018-01-27', 1, 6),
(54, 'Karimganj', '2018-01-27', '2018-01-27', 1, 6),
(55, 'Kokrajhar', '2018-01-27', '2018-01-27', 1, 6),
(56, 'Lakhimpur', '2018-01-27', '2018-01-27', 1, 6),
(57, 'Morigaon', '2018-01-27', '2018-01-27', 1, 6),
(58, 'Nagaon', '2018-01-27', '2018-01-27', 1, 6),
(59, 'Nalbari', '2018-01-27', '2018-01-27', 1, 6),
(60, 'Sivasagar', '2018-01-27', '2018-01-27', 1, 6),
(61, 'Sonitpur', '2018-01-27', '2018-01-27', 1, 6),
(62, 'Tinsukia', '2018-01-27', '2018-01-27', 1, 6),
(63, 'Udalguri', '2018-01-27', '2018-01-27', 1, 6),
(64, 'Araria', '2018-01-27', '2018-01-27', 1, 7),
(65, 'Arwal', '2018-01-27', '2018-01-27', 1, 7),
(66, 'Aurangabad (7)', '2018-01-27', '2018-01-27', 1, 7),
(67, 'Banka', '2018-01-27', '2018-01-27', 1, 7),
(68, 'Begusarai', '2018-01-27', '2018-01-27', 1, 7),
(69, 'Bhagalpur', '2018-01-27', '2018-01-27', 1, 7),
(70, 'Bhojpur', '2018-01-27', '2018-01-27', 1, 7),
(71, 'Buxar', '2018-01-27', '2018-01-27', 1, 7),
(72, 'Darbhanga', '2018-01-27', '2018-01-27', 1, 7),
(73, 'East Champaran', '2018-01-27', '2018-01-27', 1, 7),
(74, 'Gaya', '2018-01-27', '2018-01-27', 1, 7),
(75, 'Gopalganj', '2018-01-27', '2018-01-27', 1, 7),
(76, 'Jamui', '2018-01-27', '2018-01-27', 1, 7),
(77, 'Jehanabad', '2018-01-27', '2018-01-27', 1, 7),
(78, 'Kaimur', '2018-01-27', '2018-01-27', 1, 7),
(79, 'Katihar', '2018-01-27', '2018-01-27', 1, 7),
(80, 'Khagaria', '2018-01-27', '2018-01-27', 1, 7),
(81, 'Kishanganj', '2018-01-27', '2018-01-27', 1, 7),
(82, 'Lakhisarai', '2018-01-27', '2018-01-27', 1, 7),
(83, 'Madhepura', '2018-01-27', '2018-01-27', 1, 7),
(84, 'Madhubani', '2018-01-27', '2018-01-27', 1, 7),
(85, 'Munger', '2018-01-27', '2018-01-27', 1, 7),
(86, 'Muzaffarpur', '2018-01-27', '2018-01-27', 1, 7),
(87, 'Nalanda', '2018-01-27', '2018-01-27', 1, 7),
(88, 'Nawada', '2018-01-27', '2018-01-27', 1, 7),
(89, 'Patna', '2018-01-27', '2018-01-27', 1, 7),
(90, 'Purnia', '2018-01-27', '2018-01-27', 1, 7),
(91, 'Rohtas', '2018-01-27', '2018-01-27', 1, 7),
(92, 'Saharsa', '2018-01-27', '2018-01-27', 1, 7),
(93, 'Samastipur', '2018-01-27', '2018-01-27', 1, 7),
(94, 'Saran', '2018-01-27', '2018-01-27', 1, 7),
(95, 'Sheikhpura', '2018-01-27', '2018-01-27', 1, 7),
(96, 'Sheohar', '2018-01-27', '2018-01-27', 1, 7),
(97, 'Sitamarhi', '2018-01-27', '2018-01-27', 1, 7),
(98, 'Siwan', '2018-01-27', '2018-01-27', 1, 7),
(99, 'Supaul', '2018-01-27', '2018-01-27', 1, 7),
(100, 'Vaishali', '2018-01-27', '2018-01-27', 1, 7),
(101, 'West Champaran', '2018-01-27', '2018-01-27', 1, 7),
(102, 'Chandigarh', '2018-01-27', '2018-01-27', 1, 8),
(103, 'Balod', '2018-01-27', '2018-01-27', 1, 9),
(104, 'Baloda Bazar', '2018-01-27', '2018-01-27', 1, 9),
(105, 'Balrampur (9)', '2018-01-27', '2018-01-27', 1, 9),
(106, 'Bastar', '2018-01-27', '2018-01-27', 1, 9),
(107, 'Bemetara', '2018-01-27', '2018-01-27', 1, 9),
(108, 'Bijapur (9)', '2018-01-27', '2018-01-27', 1, 9),
(109, 'Bilaspur (9)', '2018-01-27', '2018-01-27', 1, 9),
(110, 'Dantewada', '2018-01-27', '2018-01-27', 1, 9),
(111, 'Dhamtari', '2018-01-27', '2018-01-27', 1, 9),
(112, 'Durg', '2018-01-27', '2018-01-27', 1, 9),
(113, 'Gariaband', '2018-01-27', '2018-01-27', 1, 9),
(114, 'Jashpur', '2018-01-27', '2018-01-27', 1, 9),
(115, 'Janjgir-Champa', '2018-01-27', '2018-01-27', 1, 9),
(116, 'Kondagaon', '2018-01-27', '2018-01-27', 1, 9),
(117, 'Korba', '2018-01-27', '2018-01-27', 1, 9),
(118, 'Koriya', '2018-01-27', '2018-01-27', 1, 9),
(119, 'Kanker', '2018-01-27', '2018-01-27', 1, 9),
(120, 'Kabirdham', '2018-01-27', '2018-01-27', 1, 9),
(121, 'Mahasamund', '2018-01-27', '2018-01-27', 1, 9),
(122, 'Mungeli', '2018-01-27', '2018-01-27', 1, 9),
(123, 'Narayanpur', '2018-01-27', '2018-01-27', 1, 9),
(124, 'Raigarh', '2018-01-27', '2018-01-27', 1, 9),
(125, 'Rajnandgaon', '2018-01-27', '2018-01-27', 1, 9),
(126, 'Raipur', '2018-01-27', '2018-01-27', 1, 9),
(127, 'Surajpur', '2018-01-27', '2018-01-27', 1, 9),
(128, 'Sukma', '2018-01-27', '2018-01-27', 1, 9),
(129, 'Surguja', '2018-01-27', '2018-01-27', 1, 9),
(130, 'Dadra and Nagar Haveli', '2018-01-27', '2018-01-27', 1, 10),
(131, 'Daman', '2018-01-27', '2018-01-27', 1, 11),
(132, 'Diu', '2018-01-27', '2018-01-27', 1, 11),
(133, 'New Delhi', '2018-01-27', '2018-01-27', 1, 12),
(134, 'North Delhi', '2018-01-27', '2018-01-27', 1, 12),
(135, 'North West Delhi', '2018-01-27', '2018-01-27', 1, 12),
(136, 'West Delhi', '2018-01-27', '2018-01-27', 1, 12),
(137, 'South West Delhi', '2018-01-27', '2018-01-27', 1, 12),
(138, 'South Delhi', '2018-01-27', '2018-01-27', 1, 12),
(139, 'South East Delhi', '2018-01-27', '2018-01-27', 1, 12),
(140, 'Central Delhi', '2018-01-27', '2018-01-27', 1, 12),
(141, 'North East Delhi', '2018-01-27', '2018-01-27', 1, 12),
(142, 'Shahdara', '2018-01-27', '2018-01-27', 1, 12),
(143, 'East Delhi', '2018-01-27', '2018-01-27', 1, 12),
(144, 'North 13', '2018-01-27', '2018-01-27', 1, 13),
(145, 'South 13', '2018-01-27', '2018-01-27', 1, 13),
(146, 'Ahmedabad', '2018-01-27', '2018-01-27', 1, 14),
(147, 'Amreli', '2018-01-27', '2018-01-27', 1, 14),
(148, 'Anand', '2018-01-27', '2018-01-27', 1, 14),
(149, 'Aravalli', '2018-01-27', '2018-01-27', 1, 14),
(150, 'Banaskantha', '2018-01-27', '2018-01-27', 1, 14),
(151, 'Botad', '2018-01-27', '2018-01-27', 1, 14),
(152, 'Bharuch', '2018-01-27', '2018-01-27', 1, 14),
(153, 'Bhavnagar', '2018-01-27', '2018-01-27', 1, 14),
(154, 'Chhota Udepur', '2018-01-27', '2018-01-27', 1, 14),
(155, 'Dahod', '2018-01-27', '2018-01-27', 1, 14),
(156, 'Dang', '2018-01-27', '2018-01-27', 1, 14),
(157, 'Devbhoomi Dwarka', '2018-01-27', '2018-01-27', 1, 14),
(158, 'Gandhinagar', '2018-01-27', '2018-01-27', 1, 14),
(159, 'Gir Somnath', '2018-01-27', '2018-01-27', 1, 14),
(160, 'Jamnagar', '2018-01-27', '2018-01-27', 1, 14),
(161, 'Junagadh', '2018-01-27', '2018-01-27', 1, 14),
(162, 'Kutch', '2018-01-27', '2018-01-27', 1, 14),
(163, 'Kheda', '2018-01-27', '2018-01-27', 1, 14),
(164, 'Mahisagar', '2018-01-27', '2018-01-27', 1, 14),
(165, 'Mehsana', '2018-01-27', '2018-01-27', 1, 14),
(166, 'Morbi', '2018-01-27', '2018-01-27', 1, 14),
(167, 'Narmada', '2018-01-27', '2018-01-27', 1, 14),
(168, 'Navsari', '2018-01-27', '2018-01-27', 1, 14),
(169, 'Patan', '2018-01-27', '2018-01-27', 1, 14),
(170, 'Panchmahal', '2018-01-27', '2018-01-27', 1, 14),
(171, 'Porbandar', '2018-01-27', '2018-01-27', 1, 14),
(172, 'Rajkot', '2018-01-27', '2018-01-27', 1, 14),
(173, 'Sabarkantha', '2018-01-27', '2018-01-27', 1, 14),
(174, 'Surendranagar', '2018-01-27', '2018-01-27', 1, 14),
(175, 'Surat', '2018-01-27', '2018-01-27', 1, 14),
(176, 'Tapi', '2018-01-27', '2018-01-27', 1, 14),
(177, 'Vadodara', '2018-01-27', '2018-01-27', 1, 14),
(178, 'Valsad', '2018-01-27', '2018-01-27', 1, 14),
(179, 'Ambala', '2018-01-27', '2018-01-27', 1, 15),
(180, 'Bhiwani', '2018-01-27', '2018-01-27', 1, 15),
(181, 'Faridabad', '2018-01-27', '2018-01-27', 1, 15),
(182, 'Fatehabad', '2018-01-27', '2018-01-27', 1, 15),
(183, 'Gurgaon', '2018-01-27', '2018-01-27', 1, 15),
(184, 'Hissar', '2018-01-27', '2018-01-27', 1, 15),
(185, 'Jhajjar', '2018-01-27', '2018-01-27', 1, 15),
(186, 'Jind', '2018-01-27', '2018-01-27', 1, 15),
(187, 'Karnal', '2018-01-27', '2018-01-27', 1, 15),
(188, 'Kaithal', '2018-01-27', '2018-01-27', 1, 15),
(189, 'Kurukshetra', '2018-01-27', '2018-01-27', 1, 15),
(190, 'Mahendragarh', '2018-01-27', '2018-01-27', 1, 15),
(191, 'Mewat', '2018-01-27', '2018-01-27', 1, 15),
(192, 'Palwal', '2018-01-27', '2018-01-27', 1, 15),
(193, 'Panchkula', '2018-01-27', '2018-01-27', 1, 15),
(194, 'Panipat', '2018-01-27', '2018-01-27', 1, 15),
(195, 'Rewari', '2018-01-27', '2018-01-27', 1, 15),
(196, 'Rohtak', '2018-01-27', '2018-01-27', 1, 15),
(197, 'Sirsa', '2018-01-27', '2018-01-27', 1, 15),
(198, 'Sonipat', '2018-01-27', '2018-01-27', 1, 15),
(199, 'Yamuna Nagar', '2018-01-27', '2018-01-27', 1, 15),
(200, 'Bilaspur (Himachal)', '2018-01-27', '2018-01-27', 1, 16),
(201, 'Chamba', '2018-01-27', '2018-01-27', 1, 16),
(202, 'Hamirpur (Himachal)', '2018-01-27', '2018-01-27', 1, 16),
(203, 'Kangra', '2018-01-27', '2018-01-27', 1, 16),
(204, 'Kinnaur', '2018-01-27', '2018-01-27', 1, 16),
(205, 'Kullu', '2018-01-27', '2018-01-27', 1, 16),
(206, 'Lahaul and Spiti', '2018-01-27', '2018-01-27', 1, 16),
(207, 'Mandi', '2018-01-27', '2018-01-27', 1, 16),
(208, 'Shimla', '2018-01-27', '2018-01-27', 1, 16),
(209, 'Sirmaur', '2018-01-27', '2018-01-27', 1, 16),
(210, 'Solan', '2018-01-27', '2018-01-27', 1, 16),
(211, 'Una', '2018-01-27', '2018-01-27', 1, 16),
(212, 'Anantnag', '2018-01-27', '2018-01-27', 1, 17),
(213, 'Badgam', '2018-01-27', '2018-01-27', 1, 17),
(214, 'Bandipora', '2018-01-27', '2018-01-27', 1, 17),
(215, 'Baramulla', '2018-01-27', '2018-01-27', 1, 17),
(216, 'Doda', '2018-01-27', '2018-01-27', 1, 17),
(217, 'Ganderbal', '2018-01-27', '2018-01-27', 1, 17),
(218, 'Jammu', '2018-01-27', '2018-01-27', 1, 17),
(219, 'Kargil', '2018-01-27', '2018-01-27', 1, 17),
(220, 'Kathua', '2018-01-27', '2018-01-27', 1, 17),
(221, 'Kishtwar', '2018-01-27', '2018-01-27', 1, 17),
(222, 'Kupwara', '2018-01-27', '2018-01-27', 1, 17),
(223, 'Kulgam', '2018-01-27', '2018-01-27', 1, 17),
(224, 'Leh', '2018-01-27', '2018-01-27', 1, 17),
(225, 'Poonch', '2018-01-27', '2018-01-27', 1, 17),
(226, 'Pulwama', '2018-01-27', '2018-01-27', 1, 17),
(227, 'Rajouri', '2018-01-27', '2018-01-27', 1, 17),
(228, 'Ramban', '2018-01-27', '2018-01-27', 1, 17),
(229, 'Reasi', '2018-01-27', '2018-01-27', 1, 17),
(230, 'Samba', '2018-01-27', '2018-01-27', 1, 17),
(231, 'Shopian', '2018-01-27', '2018-01-27', 1, 17),
(232, 'Srinagar', '2018-01-27', '2018-01-27', 1, 17),
(233, 'Udhampur', '2018-01-27', '2018-01-27', 1, 17),
(234, 'Bokaro', '2018-01-27', '2018-01-27', 1, 18),
(235, 'Chatra', '2018-01-27', '2018-01-27', 1, 18),
(236, 'Deoghar', '2018-01-27', '2018-01-27', 1, 18),
(237, 'Dhanbad', '2018-01-27', '2018-01-27', 1, 18),
(238, 'Dumka', '2018-01-27', '2018-01-27', 1, 18),
(239, 'East Singhbhum', '2018-01-27', '2018-01-27', 1, 18),
(240, 'Garhwa', '2018-01-27', '2018-01-27', 1, 18),
(241, 'Giridih', '2018-01-27', '2018-01-27', 1, 18),
(242, 'Godda', '2018-01-27', '2018-01-27', 1, 18),
(243, 'Gumla', '2018-01-27', '2018-01-27', 1, 18),
(244, 'Hazaribag', '2018-01-27', '2018-01-27', 1, 18),
(245, 'Jamtara', '2018-01-27', '2018-01-27', 1, 18),
(246, 'Khunti', '2018-01-27', '2018-01-27', 1, 18),
(247, 'Koderma', '2018-01-27', '2018-01-27', 1, 18),
(248, 'Latehar', '2018-01-27', '2018-01-27', 1, 18),
(249, 'Lohardaga', '2018-01-27', '2018-01-27', 1, 18),
(250, 'Pakur', '2018-01-27', '2018-01-27', 1, 18),
(251, 'Palamu', '2018-01-27', '2018-01-27', 1, 18),
(252, 'Ramgarh', '2018-01-27', '2018-01-27', 1, 18),
(253, 'Ranchi', '2018-01-27', '2018-01-27', 1, 18),
(254, 'Sahibganj', '2018-01-27', '2018-01-27', 1, 18),
(255, 'Seraikela Kharsawan', '2018-01-27', '2018-01-27', 1, 18),
(256, 'Simdega', '2018-01-27', '2018-01-27', 1, 18),
(257, 'West Singhbhum', '2018-01-27', '2018-01-27', 1, 18),
(258, 'Bagalkot', '2018-01-27', '2018-01-27', 1, 19),
(259, 'Bangalore Rural', '2018-01-27', '2018-01-27', 1, 19),
(260, 'Bangalore Urban', '2018-01-27', '2018-01-27', 1, 19),
(261, 'Belgaum', '2018-01-27', '2018-01-27', 1, 19),
(262, 'Bellary', '2018-01-27', '2018-01-27', 1, 19),
(263, 'Bidar', '2018-01-27', '2018-01-27', 1, 19),
(264, 'Bijapur (19)', '2018-01-27', '2018-01-27', 1, 19),
(265, 'Chamarajnagar', '2018-01-27', '2018-01-27', 1, 19),
(266, 'Chikkamagaluru', '2018-01-27', '2018-01-27', 1, 19),
(267, 'Chikkaballapur', '2018-01-27', '2018-01-27', 1, 19),
(268, 'Chitradurga', '2018-01-27', '2018-01-27', 1, 19),
(269, 'Davanagere', '2018-01-27', '2018-01-27', 1, 19),
(270, 'Dharwad', '2018-01-27', '2018-01-27', 1, 19),
(271, 'Dakshina Kannada', '2018-01-27', '2018-01-27', 1, 19),
(272, 'Gadag', '2018-01-27', '2018-01-27', 1, 19),
(273, 'Gulbarga', '2018-01-27', '2018-01-27', 1, 19),
(274, 'Hassan', '2018-01-27', '2018-01-27', 1, 19),
(275, 'Haveri district', '2018-01-27', '2018-01-27', 1, 19),
(276, 'Kodagu', '2018-01-27', '2018-01-27', 1, 19),
(277, 'Kolar', '2018-01-27', '2018-01-27', 1, 19),
(278, 'Koppal', '2018-01-27', '2018-01-27', 1, 19),
(279, 'Mandya', '2018-01-27', '2018-01-27', 1, 19),
(280, 'Mysore', '2018-01-27', '2018-01-27', 1, 19),
(281, 'Raichur', '2018-01-27', '2018-01-27', 1, 19),
(282, 'Shimoga', '2018-01-27', '2018-01-27', 1, 19),
(283, 'Tumkur', '2018-01-27', '2018-01-27', 1, 19),
(284, 'Udupi', '2018-01-27', '2018-01-27', 1, 19),
(285, 'Uttara Kannada', '2018-01-27', '2018-01-27', 1, 19),
(286, 'Ramanagara', '2018-01-27', '2018-01-27', 1, 19),
(287, 'Yadgir', '2018-01-27', '2018-01-27', 1, 19),
(288, 'Alappuzha', '2018-01-27', '2018-01-27', 1, 20),
(289, 'Ernakulam', '2018-01-27', '2018-01-27', 1, 20),
(290, 'Idukki', '2018-01-27', '2018-01-27', 1, 20),
(291, 'Kannur', '2018-01-27', '2018-01-27', 1, 20),
(292, 'Kasaragod', '2018-01-27', '2018-01-27', 1, 20),
(293, 'Kollam', '2018-01-27', '2018-01-27', 1, 20),
(294, 'Kottayam', '2018-01-27', '2018-01-27', 1, 20),
(295, 'Kozhikode', '2018-01-27', '2018-01-27', 1, 20),
(296, 'Malappuram', '2018-01-27', '2018-01-27', 1, 20),
(297, 'Palakkad', '2018-01-27', '2018-01-27', 1, 20),
(298, 'Pathanamthitta', '2018-01-27', '2018-01-27', 1, 20),
(299, 'Thrissur', '2018-01-27', '2018-01-27', 1, 20),
(300, 'Thiruvananthapuram', '2018-01-27', '2018-01-27', 1, 20),
(301, 'Wayanad', '2018-01-27', '2018-01-27', 1, 20),
(302, 'Lakshadweep', '2018-01-27', '2018-01-27', 1, 21),
(303, 'Agar', '2018-01-27', '2018-01-27', 1, 22),
(304, 'Alirajpur', '2018-01-27', '2018-01-27', 1, 22),
(305, 'Anuppur', '2018-01-27', '2018-01-27', 1, 22),
(306, 'Ashok Nagar', '2018-01-27', '2018-01-27', 1, 22),
(307, 'Balaghat', '2018-01-27', '2018-01-27', 1, 22),
(308, 'Barwani', '2018-01-27', '2018-01-27', 1, 22),
(309, 'Betul', '2018-01-27', '2018-01-27', 1, 22),
(310, 'Bhind', '2018-01-27', '2018-01-27', 1, 22),
(311, 'Bhopal', '2018-01-27', '2018-01-27', 1, 22),
(312, 'Burhanpur', '2018-01-27', '2018-01-27', 1, 22),
(313, 'Chhatarpur', '2018-01-27', '2018-01-27', 1, 22),
(314, 'Chhindwara', '2018-01-27', '2018-01-27', 1, 22),
(315, 'Damoh', '2018-01-27', '2018-01-27', 1, 22),
(316, 'Datia', '2018-01-27', '2018-01-27', 1, 22),
(317, 'Dewas', '2018-01-27', '2018-01-27', 1, 22),
(318, 'Dhar', '2018-01-27', '2018-01-27', 1, 22),
(319, 'Dindori', '2018-01-27', '2018-01-27', 1, 22),
(320, 'Guna', '2018-01-27', '2018-01-27', 1, 22),
(321, 'Gwalior', '2018-01-27', '2018-01-27', 1, 22),
(322, 'Harda', '2018-01-27', '2018-01-27', 1, 22),
(323, 'Hoshangabad', '2018-01-27', '2018-01-27', 1, 22),
(324, 'Indore', '2018-01-27', '2018-01-27', 1, 22),
(325, 'Jabalpur', '2018-01-27', '2018-01-27', 1, 22),
(326, 'Jhabua', '2018-01-27', '2018-01-27', 1, 22),
(327, 'Katni', '2018-01-27', '2018-01-27', 1, 22),
(328, 'Khandwa (East Nimar)', '2018-01-27', '2018-01-27', 1, 22),
(329, 'Khargone (West Nimar)', '2018-01-27', '2018-01-27', 1, 22),
(330, 'Mandla', '2018-01-27', '2018-01-27', 1, 22),
(331, 'Mandsaur', '2018-01-27', '2018-01-27', 1, 22),
(332, 'Morena', '2018-01-27', '2018-01-27', 1, 22),
(333, 'Narsinghpur', '2018-01-27', '2018-01-27', 1, 22),
(334, 'Neemuch', '2018-01-27', '2018-01-27', 1, 22),
(335, 'Panna', '2018-01-27', '2018-01-27', 1, 22),
(336, 'Raisen', '2018-01-27', '2018-01-27', 1, 22),
(337, 'Rajgarh', '2018-01-27', '2018-01-27', 1, 22),
(338, 'Ratlam', '2018-01-27', '2018-01-27', 1, 22),
(339, 'Rewa', '2018-01-27', '2018-01-27', 1, 22),
(340, 'Sagar', '2018-01-27', '2018-01-27', 1, 22),
(341, 'Satna', '2018-01-27', '2018-01-27', 1, 22),
(342, 'Sehore', '2018-01-27', '2018-01-27', 1, 22),
(343, 'Seoni', '2018-01-27', '2018-01-27', 1, 22),
(344, 'Shahdol', '2018-01-27', '2018-01-27', 1, 22),
(345, 'Shajapur', '2018-01-27', '2018-01-27', 1, 22),
(346, 'Sheopur', '2018-01-27', '2018-01-27', 1, 22),
(347, 'Shivpuri', '2018-01-27', '2018-01-27', 1, 22),
(348, 'Sidhi', '2018-01-27', '2018-01-27', 1, 22),
(349, 'Singrauli', '2018-01-27', '2018-01-27', 1, 22),
(350, 'Tikamgarh', '2018-01-27', '2018-01-27', 1, 22),
(351, 'Ujjain', '2018-01-27', '2018-01-27', 1, 22),
(352, 'Umaria', '2018-01-27', '2018-01-27', 1, 22),
(353, 'Vidisha', '2018-01-27', '2018-01-27', 1, 22),
(354, 'Ahmednagar', '2018-01-27', '2018-01-27', 1, 23),
(355, 'Akola', '2018-01-27', '2018-01-27', 1, 23),
(356, 'Amravati', '2018-01-27', '2018-01-27', 1, 23),
(357, 'Aurangabad (23)', '2018-01-27', '2018-01-27', 1, 23),
(358, 'Beed', '2018-01-27', '2018-01-27', 1, 23),
(359, 'Bhandara', '2018-01-27', '2018-01-27', 1, 23),
(360, 'Buldhana', '2018-01-27', '2018-01-27', 1, 23),
(361, 'Chandrapur', '2018-01-27', '2018-01-27', 1, 23),
(362, 'Dhule', '2018-01-27', '2018-01-27', 1, 23),
(363, 'Gadchiroli', '2018-01-27', '2018-01-27', 1, 23),
(364, 'Gondia', '2018-01-27', '2018-01-27', 1, 23),
(365, 'Hingoli', '2018-01-27', '2018-01-27', 1, 23),
(366, 'Jalgaon', '2018-01-27', '2018-01-27', 1, 23),
(367, 'Jalna', '2018-01-27', '2018-01-27', 1, 23),
(368, 'Kolhapur', '2018-01-27', '2018-01-27', 1, 23),
(369, 'Latur', '2018-01-27', '2018-01-27', 1, 23),
(370, 'Mumbai City', '2018-01-27', '2018-01-27', 1, 23),
(371, 'Mumbai suburban', '2018-01-27', '2018-01-27', 1, 23),
(372, 'Nanded', '2018-01-27', '2018-01-27', 1, 23),
(373, 'Nandurbar', '2018-01-27', '2018-01-27', 1, 23),
(374, 'Nagpur', '2018-01-27', '2018-01-27', 1, 23),
(375, 'Nashik', '2018-01-27', '2018-01-27', 1, 23),
(376, 'Osmanabad', '2018-01-27', '2018-01-27', 1, 23),
(377, 'Palghar', '2018-01-27', '2018-01-27', 1, 23),
(378, 'Parbhani', '2018-01-27', '2018-01-27', 1, 23),
(379, 'Pune', '2018-01-27', '2018-01-27', 1, 23),
(380, 'Raigad', '2018-01-27', '2018-01-27', 1, 23),
(381, 'Ratnagiri', '2018-01-27', '2018-01-27', 1, 23),
(382, 'Sangli', '2018-01-27', '2018-01-27', 1, 23),
(383, 'Satara', '2018-01-27', '2018-01-27', 1, 23),
(384, 'Sindhudurg', '2018-01-27', '2018-01-27', 1, 23),
(385, 'Solapur', '2018-01-27', '2018-01-27', 1, 23),
(386, 'Thane', '2018-01-27', '2018-01-27', 1, 23),
(387, 'Wardha', '2018-01-27', '2018-01-27', 1, 23),
(388, 'Washim', '2018-01-27', '2018-01-27', 1, 23),
(389, 'Yavatmal', '2018-01-27', '2018-01-27', 1, 23),
(390, 'Bishnupur', '2018-01-27', '2018-01-27', 1, 24),
(391, 'Churachandpur', '2018-01-27', '2018-01-27', 1, 24),
(392, 'Chandel', '2018-01-27', '2018-01-27', 1, 24),
(393, 'Imphal East', '2018-01-27', '2018-01-27', 1, 24),
(394, 'Senapati', '2018-01-27', '2018-01-27', 1, 24),
(395, 'Tamenglong', '2018-01-27', '2018-01-27', 1, 24),
(396, 'Thoubal', '2018-01-27', '2018-01-27', 1, 24),
(397, 'Ukhrul', '2018-01-27', '2018-01-27', 1, 24),
(398, 'Imphal West', '2018-01-27', '2018-01-27', 1, 24),
(399, 'East Garo Hills', '2018-01-27', '2018-01-27', 1, 25),
(400, 'East Khasi Hills', '2018-01-27', '2018-01-27', 1, 25),
(401, 'West Jaintia Hills', '2018-01-27', '2018-01-27', 1, 25),
(402, 'East Jaintia Hills', '2018-01-27', '2018-01-27', 1, 25),
(403, 'Ri Bhoi', '2018-01-27', '2018-01-27', 1, 25),
(404, 'South Garo Hills', '2018-01-27', '2018-01-27', 1, 25),
(405, 'South West Garo Hills', '2018-01-27', '2018-01-27', 1, 25),
(406, 'West Garo Hills', '2018-01-27', '2018-01-27', 1, 25),
(407, 'North Garo Hills', '2018-01-27', '2018-01-27', 1, 25),
(408, 'West Khasi Hills', '2018-01-27', '2018-01-27', 1, 25),
(409, 'South West Khasi Hills', '2018-01-27', '2018-01-27', 1, 25),
(410, 'Aizawl', '2018-01-27', '2018-01-27', 1, 26),
(411, 'Champhai', '2018-01-27', '2018-01-27', 1, 26),
(412, 'Kolasib', '2018-01-27', '2018-01-27', 1, 26),
(413, 'Lawngtlai', '2018-01-27', '2018-01-27', 1, 26),
(414, 'Lunglei', '2018-01-27', '2018-01-27', 1, 26),
(415, 'Mamit', '2018-01-27', '2018-01-27', 1, 26),
(416, 'Saiha', '2018-01-27', '2018-01-27', 1, 26),
(417, 'Serchhip', '2018-01-27', '2018-01-27', 1, 26),
(418, 'Dimapur', '2018-01-27', '2018-01-27', 1, 27),
(419, 'Kiphire', '2018-01-27', '2018-01-27', 1, 27),
(420, 'Kohima', '2018-01-27', '2018-01-27', 1, 27),
(421, 'Longleng', '2018-01-27', '2018-01-27', 1, 27),
(422, 'Mokokchung', '2018-01-27', '2018-01-27', 1, 27),
(423, 'Mon', '2018-01-27', '2018-01-27', 1, 27),
(424, 'Peren', '2018-01-27', '2018-01-27', 1, 27),
(425, 'Phek', '2018-01-27', '2018-01-27', 1, 27),
(426, 'Tuensang', '2018-01-27', '2018-01-27', 1, 27),
(427, 'Wokha', '2018-01-27', '2018-01-27', 1, 27),
(428, 'Zunheboto', '2018-01-27', '2018-01-27', 1, 27),
(429, 'Angul', '2018-01-27', '2018-01-27', 1, 28),
(430, 'Boudh (Bauda)', '2018-01-27', '2018-01-27', 1, 28),
(431, 'Bhadrak', '2018-01-27', '2018-01-27', 1, 28),
(432, 'Balangir', '2018-01-27', '2018-01-27', 1, 28),
(433, 'Bargarh (Baragarh)', '2018-01-27', '2018-01-27', 1, 28),
(434, 'Balasore', '2018-01-27', '2018-01-27', 1, 28),
(435, 'Cuttack', '2018-01-27', '2018-01-27', 1, 28),
(436, 'Debagarh (Deogarh)', '2018-01-27', '2018-01-27', 1, 28),
(437, 'Dhenkanal', '2018-01-27', '2018-01-27', 1, 28),
(438, 'Ganjam', '2018-01-27', '2018-01-27', 1, 28),
(439, 'Gajapati', '2018-01-27', '2018-01-27', 1, 28),
(440, 'Jharsuguda', '2018-01-27', '2018-01-27', 1, 28),
(441, 'Jajpur', '2018-01-27', '2018-01-27', 1, 28),
(442, 'Jagatsinghpur', '2018-01-27', '2018-01-27', 1, 28),
(443, 'Khordha', '2018-01-27', '2018-01-27', 1, 28),
(444, 'Kendujhar (Keonjhar)', '2018-01-27', '2018-01-27', 1, 28),
(445, 'Kalahandi', '2018-01-27', '2018-01-27', 1, 28),
(446, 'Kandhamal', '2018-01-27', '2018-01-27', 1, 28),
(447, 'Koraput', '2018-01-27', '2018-01-27', 1, 28),
(448, 'Kendrapara', '2018-01-27', '2018-01-27', 1, 28),
(449, 'Malkangiri', '2018-01-27', '2018-01-27', 1, 28),
(450, 'Mayurbhanj', '2018-01-27', '2018-01-27', 1, 28),
(451, 'Nabarangpur', '2018-01-27', '2018-01-27', 1, 28),
(452, 'Nuapada', '2018-01-27', '2018-01-27', 1, 28),
(453, 'Nayagarh', '2018-01-27', '2018-01-27', 1, 28),
(454, 'Puri', '2018-01-27', '2018-01-27', 1, 28),
(455, 'Rayagada', '2018-01-27', '2018-01-27', 1, 28),
(456, 'Sambalpur', '2018-01-27', '2018-01-27', 1, 28),
(457, 'Subarnapur (Sonepur)', '2018-01-27', '2018-01-27', 1, 28),
(458, 'Sundergarh', '2018-01-27', '2018-01-27', 1, 28),
(459, 'Karaikal', '2018-01-27', '2018-01-27', 1, 29),
(460, 'Mahe', '2018-01-27', '2018-01-27', 1, 29),
(461, 'Pondicherry', '2018-01-27', '2018-01-27', 1, 29),
(462, 'Yanam', '2018-01-27', '2018-01-27', 1, 29),
(463, 'Amritsar', '2018-01-27', '2018-01-27', 1, 30),
(464, 'Barnala', '2018-01-27', '2018-01-27', 1, 30),
(465, 'Bathinda', '2018-01-27', '2018-01-27', 1, 30),
(466, 'Firozpur', '2018-01-27', '2018-01-27', 1, 30),
(467, 'Faridkot', '2018-01-27', '2018-01-27', 1, 30),
(468, 'Fatehgarh Sahib', '2018-01-27', '2018-01-27', 1, 30),
(469, 'Fazilka[7]', '2018-01-27', '2018-01-27', 1, 30),
(470, 'Gurdaspur', '2018-01-27', '2018-01-27', 1, 30),
(471, 'Hoshiarpur', '2018-01-27', '2018-01-27', 1, 30),
(472, 'Jalandhar', '2018-01-27', '2018-01-27', 1, 30),
(473, 'Kapurthala', '2018-01-27', '2018-01-27', 1, 30),
(474, 'Ludhiana', '2018-01-27', '2018-01-27', 1, 30),
(475, 'Mansa', '2018-01-27', '2018-01-27', 1, 30),
(476, 'Moga', '2018-01-27', '2018-01-27', 1, 30),
(477, 'Sri Muktsar Sahib', '2018-01-27', '2018-01-27', 1, 30),
(478, 'Pathankot', '2018-01-27', '2018-01-27', 1, 30),
(479, 'Patiala', '2018-01-27', '2018-01-27', 1, 30),
(480, 'Rupnagar', '2018-01-27', '2018-01-27', 1, 30),
(481, 'Ajitgarh (Mohali)', '2018-01-27', '2018-01-27', 1, 30),
(482, 'Sangrur', '2018-01-27', '2018-01-27', 1, 30),
(483, 'Shahid Bhagat Singh Nagar', '2018-01-27', '2018-01-27', 1, 30),
(484, 'Tarn Taran', '2018-01-27', '2018-01-27', 1, 30),
(485, 'Ajmer', '2018-01-27', '2018-01-27', 1, 31),
(486, 'Alwar', '2018-01-27', '2018-01-27', 1, 31),
(487, 'Bikaner', '2018-01-27', '2018-01-27', 1, 31),
(488, 'Barmer', '2018-01-27', '2018-01-27', 1, 31),
(489, 'Banswara', '2018-01-27', '2018-01-27', 1, 31),
(490, 'Bharatpur', '2018-01-27', '2018-01-27', 1, 31),
(491, 'Baran', '2018-01-27', '2018-01-27', 1, 31),
(492, 'Bundi', '2018-01-27', '2018-01-27', 1, 31),
(493, 'Bhilwara', '2018-01-27', '2018-01-27', 1, 31),
(494, 'Churu', '2018-01-27', '2018-01-27', 1, 31),
(495, 'Chittorgarh', '2018-01-27', '2018-01-27', 1, 31),
(496, 'Dausa', '2018-01-27', '2018-01-27', 1, 31),
(497, 'Dholpur', '2018-01-27', '2018-01-27', 1, 31),
(498, 'Dungapur', '2018-01-27', '2018-01-27', 1, 31),
(499, 'Ganganagar', '2018-01-27', '2018-01-27', 1, 31),
(500, 'Hanumangarh', '2018-01-27', '2018-01-27', 1, 31),
(501, 'Jhunjhunu', '2018-01-27', '2018-01-27', 1, 31),
(502, 'Jalore', '2018-01-27', '2018-01-27', 1, 31),
(503, 'Jodhpur', '2018-01-27', '2018-01-27', 1, 31),
(504, 'Jaipur', '2018-01-27', '2018-01-27', 1, 31),
(505, 'Jaisalmer', '2018-01-27', '2018-01-27', 1, 31),
(506, 'Jhalawar', '2018-01-27', '2018-01-27', 1, 31),
(507, 'Karauli', '2018-01-27', '2018-01-27', 1, 31),
(508, 'Kota', '2018-01-27', '2018-01-27', 1, 31),
(509, 'Nagaur', '2018-01-27', '2018-01-27', 1, 31),
(510, 'Pali', '2018-01-27', '2018-01-27', 1, 31),
(511, 'Pratapgarh (31)', '2018-01-27', '2018-01-27', 1, 31),
(512, 'Rajsamand', '2018-01-27', '2018-01-27', 1, 31),
(513, 'Sikar', '2018-01-27', '2018-01-27', 1, 31),
(514, 'Sawai Madhopur', '2018-01-27', '2018-01-27', 1, 31),
(515, 'Sirohi', '2018-01-27', '2018-01-27', 1, 31),
(516, 'Tonk', '2018-01-27', '2018-01-27', 1, 31),
(517, 'Udaipur', '2018-01-27', '2018-01-27', 1, 31),
(518, 'East 32', '2018-01-27', '2018-01-27', 1, 32),
(519, 'North 32', '2018-01-27', '2018-01-27', 1, 32),
(520, 'South 32', '2018-01-27', '2018-01-27', 1, 32),
(521, 'West 32', '2018-01-27', '2018-01-27', 1, 32),
(522, 'Ariyalur', '2018-01-27', '2018-01-27', 1, 33),
(523, 'Chennai', '2018-01-27', '2018-01-27', 1, 33),
(524, 'Coimbatore', '2018-01-27', '2018-01-27', 1, 33),
(525, 'Cuddalore', '2018-01-27', '2018-01-27', 1, 33),
(526, 'Dharmapuri', '2018-01-27', '2018-01-27', 1, 33),
(527, 'Dindigul', '2018-01-27', '2018-01-27', 1, 33),
(528, 'Erode', '2018-01-27', '2018-01-27', 1, 33),
(529, 'Kanchipuram', '2018-01-27', '2018-01-27', 1, 33),
(530, 'Kanyakumari', '2018-01-27', '2018-01-27', 1, 33),
(531, 'Karur', '2018-01-27', '2018-01-27', 1, 33),
(532, 'Krishnagiri', '2018-01-27', '2018-01-27', 1, 33),
(533, 'Madurai', '2018-01-27', '2018-01-27', 1, 33),
(534, 'Nagapattinam', '2018-01-27', '2018-01-27', 1, 33),
(535, 'Nilgiris', '2018-01-27', '2018-01-27', 1, 33),
(536, 'Namakkal', '2018-01-27', '2018-01-27', 1, 33),
(537, 'Perambalur', '2018-01-27', '2018-01-27', 1, 33),
(538, 'Pudukkottai', '2018-01-27', '2018-01-27', 1, 33),
(539, 'Ramanathapuram', '2018-01-27', '2018-01-27', 1, 33),
(540, 'Salem', '2018-01-27', '2018-01-27', 1, 33),
(541, 'Sivaganga', '2018-01-27', '2018-01-27', 1, 33),
(542, 'Tirupur', '2018-01-27', '2018-01-27', 1, 33),
(543, 'Tiruchirappalli', '2018-01-27', '2018-01-27', 1, 33),
(544, 'Theni', '2018-01-27', '2018-01-27', 1, 33),
(545, 'Tirunelveli', '2018-01-27', '2018-01-27', 1, 33),
(546, 'Thanjavur', '2018-01-27', '2018-01-27', 1, 33),
(547, 'Thoothukudi', '2018-01-27', '2018-01-27', 1, 33),
(548, 'Tiruvallur', '2018-01-27', '2018-01-27', 1, 33),
(549, 'Tiruvarur', '2018-01-27', '2018-01-27', 1, 33),
(550, 'Tiruvannamalai', '2018-01-27', '2018-01-27', 1, 33),
(551, 'Vellore', '2018-01-27', '2018-01-27', 1, 33),
(552, 'Viluppuram', '2018-01-27', '2018-01-27', 1, 33),
(553, 'Virudhunagar', '2018-01-27', '2018-01-27', 1, 33),
(554, 'Adilabad', '2018-01-27', '2018-01-27', 1, 34),
(555, 'Hyderabad', '2018-01-27', '2018-01-27', 1, 34),
(556, 'Karimnagar', '2018-01-27', '2018-01-27', 1, 34),
(557, 'Khammam', '2018-01-27', '2018-01-27', 1, 34),
(558, 'Mahbubnagar', '2018-01-27', '2018-01-27', 1, 34),
(559, 'Medak', '2018-01-27', '2018-01-27', 1, 34),
(560, 'Nalgonda', '2018-01-27', '2018-01-27', 1, 34),
(561, 'Nizamabad', '2018-01-27', '2018-01-27', 1, 34),
(562, 'Ranga Reddy', '2018-01-27', '2018-01-27', 1, 34),
(563, 'Warangal', '2018-01-27', '2018-01-27', 1, 34),
(564, 'Dhalai', '2018-01-27', '2018-01-27', 1, 35),
(565, 'Gomati', '2018-01-27', '2018-01-27', 1, 35),
(566, 'Khowai[8]', '2018-01-27', '2018-01-27', 1, 35),
(567, 'North 35', '2018-01-27', '2018-01-27', 1, 35),
(568, 'Sepahijala[9]', '2018-01-27', '2018-01-27', 1, 35),
(569, 'South 35', '2018-01-27', '2018-01-27', 1, 35),
(570, 'Unokoti[10]', '2018-01-27', '2018-01-27', 1, 35),
(571, 'West 35', '2018-01-27', '2018-01-27', 1, 35),
(572, 'Agra', '2018-01-27', '2018-01-27', 1, 36),
(573, 'Aligarh', '2018-01-27', '2018-01-27', 1, 36),
(574, 'Allahabad', '2018-01-27', '2018-01-27', 1, 36),
(575, 'Ambedkar Nagar', '2018-01-27', '2018-01-27', 1, 36),
(576, 'Auraiya', '2018-01-27', '2018-01-27', 1, 36),
(577, 'Azamgarh', '2018-01-27', '2018-01-27', 1, 36),
(578, 'Bagpat', '2018-01-27', '2018-01-27', 1, 36),
(579, 'Bahraich', '2018-01-27', '2018-01-27', 1, 36),
(580, 'Ballia', '2018-01-27', '2018-01-27', 1, 36),
(581, 'Balrampur (U.P.)', '2018-01-27', '2018-01-27', 1, 36),
(582, 'Banda', '2018-01-27', '2018-01-27', 1, 36),
(583, 'Barabanki', '2018-01-27', '2018-01-27', 1, 36),
(584, 'Bareilly', '2018-01-27', '2018-01-27', 1, 36),
(585, 'Basti', '2018-01-27', '2018-01-27', 1, 36),
(586, 'Bijnor', '2018-01-27', '2018-01-27', 1, 36),
(587, 'Budaun', '2018-01-27', '2018-01-27', 1, 36),
(588, 'Bulandshahr', '2018-01-27', '2018-01-27', 1, 36),
(589, 'Chandauli', '2018-01-27', '2018-01-27', 1, 36),
(590, 'Chitrakoot', '2018-01-27', '2018-01-27', 1, 36),
(591, 'Deoria', '2018-01-27', '2018-01-27', 1, 36),
(592, 'Etah', '2018-01-27', '2018-01-27', 1, 36),
(593, 'Etawah', '2018-01-27', '2018-01-27', 1, 36),
(594, 'Faizabad', '2018-01-27', '2018-01-27', 1, 36),
(595, 'Farrukhabad', '2018-01-27', '2018-01-27', 1, 36),
(596, 'Fatehpur', '2018-01-27', '2018-01-27', 1, 36),
(597, 'Firozabad', '2018-01-27', '2018-01-27', 1, 36),
(598, 'Gautam Buddh Nagar', '2018-01-27', '2018-01-27', 1, 36),
(599, 'Ghaziabad', '2018-01-27', '2018-01-27', 1, 36),
(600, 'Ghazipur', '2018-01-27', '2018-01-27', 1, 36),
(601, 'Gonda', '2018-01-27', '2018-01-27', 1, 36),
(602, 'Viluppuram', '2018-01-27', '2018-01-27', 1, 33),
(603, 'Virudhunagar', '2018-01-27', '2018-01-27', 1, 33),
(604, 'Adilabad', '2018-01-27', '2018-01-27', 1, 34),
(605, 'Hyderabad', '2018-01-27', '2018-01-27', 1, 34),
(606, 'Karimnagar', '2018-01-27', '2018-01-27', 1, 34),
(607, 'Khammam', '2018-01-27', '2018-01-27', 1, 34),
(608, 'Mahbubnagar', '2018-01-27', '2018-01-27', 1, 34),
(609, 'Medak', '2018-01-27', '2018-01-27', 1, 34),
(610, 'Nalgonda', '2018-01-27', '2018-01-27', 1, 34),
(611, 'Nizamabad', '2018-01-27', '2018-01-27', 1, 34),
(612, 'Ranga Reddy', '2018-01-27', '2018-01-27', 1, 34),
(613, 'Warangal', '2018-01-27', '2018-01-27', 1, 34),
(614, 'Dhalai', '2018-01-27', '2018-01-27', 1, 35),
(615, 'Gomati', '2018-01-27', '2018-01-27', 1, 35),
(616, 'Khowai[8]', '2018-01-27', '2018-01-27', 1, 35),
(617, 'North 35', '2018-01-27', '2018-01-27', 1, 35),
(618, 'Sepahijala[9]', '2018-01-27', '2018-01-27', 1, 35),
(619, 'South 35', '2018-01-27', '2018-01-27', 1, 35),
(620, 'Unokoti[10]', '2018-01-27', '2018-01-27', 1, 35),
(621, 'West 35', '2018-01-27', '2018-01-27', 1, 35),
(622, 'Agra', '2018-01-27', '2018-01-27', 1, 36),
(623, 'Aligarh', '2018-01-27', '2018-01-27', 1, 36),
(624, 'Allahabad', '2018-01-27', '2018-01-27', 1, 36),
(625, 'Ambedkar Nagar', '2018-01-27', '2018-01-27', 1, 36),
(626, 'Auraiya', '2018-01-27', '2018-01-27', 1, 36),
(627, 'Azamgarh', '2018-01-27', '2018-01-27', 1, 36),
(628, 'Bagpat', '2018-01-27', '2018-01-27', 1, 36),
(629, 'Bahraich', '2018-01-27', '2018-01-27', 1, 36),
(630, 'Ballia', '2018-01-27', '2018-01-27', 1, 36),
(631, 'Balrampur (U.P.)', '2018-01-27', '2018-01-27', 1, 36),
(632, 'Banda', '2018-01-27', '2018-01-27', 1, 36),
(633, 'Barabanki', '2018-01-27', '2018-01-27', 1, 36),
(634, 'Bareilly', '2018-01-27', '2018-01-27', 1, 36),
(635, 'Basti', '2018-01-27', '2018-01-27', 1, 36),
(636, 'Bijnor', '2018-01-27', '2018-01-27', 1, 36),
(637, 'Budaun', '2018-01-27', '2018-01-27', 1, 36),
(638, 'Bulandshahr', '2018-01-27', '2018-01-27', 1, 36),
(639, 'Chandauli', '2018-01-27', '2018-01-27', 1, 36),
(640, 'Amethi', '2018-01-27', '2018-01-27', 1, 36),
(641, 'Chitrakoot', '2018-01-27', '2018-01-27', 1, 36),
(642, 'Deoria', '2018-01-27', '2018-01-27', 1, 36),
(643, 'Etah', '2018-01-27', '2018-01-27', 1, 36),
(644, 'Etawah', '2018-01-27', '2018-01-27', 1, 36),
(645, 'Faizabad', '2018-01-27', '2018-01-27', 1, 36),
(646, 'Farrukhabad', '2018-01-27', '2018-01-27', 1, 36),
(647, 'Fatehpur', '2018-01-27', '2018-01-27', 1, 36),
(648, 'Firozabad', '2018-01-27', '2018-01-27', 1, 36),
(649, 'Gautam Buddh Nagar', '2018-01-27', '2018-01-27', 1, 36),
(650, 'Ghaziabad', '2018-01-27', '2018-01-27', 1, 36),
(651, 'Ghazipur', '2018-01-27', '2018-01-27', 1, 36),
(652, 'Gonda', '2018-01-27', '2018-01-27', 1, 36),
(653, 'Gorakhpur', '2018-01-27', '2018-01-27', 1, 36),
(654, 'Hamirpur (U.P.)', '2018-01-27', '2018-01-27', 1, 36),
(655, 'Hardoi', '2018-01-27', '2018-01-27', 1, 36),
(656, 'Hathras (Mahamaya Nagar)', '2018-01-27', '2018-01-27', 1, 36),
(657, 'Jalaun', '2018-01-27', '2018-01-27', 1, 36),
(658, 'Jaunpur district', '2018-01-27', '2018-01-27', 1, 36),
(659, 'Jhansi', '2018-01-27', '2018-01-27', 1, 36),
(660, 'Jyotiba Phule Nagar', '2018-01-27', '2018-01-27', 1, 36),
(661, 'Kannauj', '2018-01-27', '2018-01-27', 1, 36),
(662, 'Kanpur Dehat (Ramabai Nagar)', '2018-01-27', '2018-01-27', 1, 36),
(663, 'Kanpur Nagar', '2018-01-27', '2018-01-27', 1, 36),
(664, 'Kanshi Ram Nagar', '2018-01-27', '2018-01-27', 1, 36),
(665, 'Kaushambi', '2018-01-27', '2018-01-27', 1, 36),
(666, 'Kushinagar', '2018-01-27', '2018-01-27', 1, 36),
(667, 'Lakhimpur Kheri', '2018-01-27', '2018-01-27', 1, 36),
(668, 'Lalitpur', '2018-01-27', '2018-01-27', 1, 36),
(669, 'Lucknow', '2018-01-27', '2018-01-27', 1, 36),
(670, 'Maharajganj', '2018-01-27', '2018-01-27', 1, 36),
(671, 'Mahoba', '2018-01-27', '2018-01-27', 1, 36),
(672, 'Mainpuri', '2018-01-27', '2018-01-27', 1, 36),
(673, 'Mathura', '2018-01-27', '2018-01-27', 1, 36),
(674, 'Mau', '2018-01-27', '2018-01-27', 1, 36),
(675, 'Meerut', '2018-01-27', '2018-01-27', 1, 36),
(676, 'Mirzapur', '2018-01-27', '2018-01-27', 1, 36),
(677, 'Moradabad', '2018-01-27', '2018-01-27', 1, 36),
(678, 'Muzaffarnagar', '2018-01-27', '2018-01-27', 1, 36),
(679, 'Pilibhit', '2018-01-27', '2018-01-27', 1, 36),
(680, 'Viluppuram', '2018-01-27', '2018-01-27', 1, 33),
(681, 'Virudhunagar', '2018-01-27', '2018-01-27', 1, 33),
(682, 'Adilabad', '2018-01-27', '2018-01-27', 1, 34),
(683, 'Hyderabad', '2018-01-27', '2018-01-27', 1, 34),
(684, 'Karimnagar', '2018-01-27', '2018-01-27', 1, 34),
(685, 'Khammam', '2018-01-27', '2018-01-27', 1, 34),
(686, 'Mahbubnagar', '2018-01-27', '2018-01-27', 1, 34),
(687, 'Medak', '2018-01-27', '2018-01-27', 1, 34),
(688, 'Nalgonda', '2018-01-27', '2018-01-27', 1, 34),
(689, 'Nizamabad', '2018-01-27', '2018-01-27', 1, 34),
(690, 'Ranga Reddy', '2018-01-27', '2018-01-27', 1, 34),
(691, 'Warangal', '2018-01-27', '2018-01-27', 1, 34),
(692, 'Dhalai', '2018-01-27', '2018-01-27', 1, 35),
(693, 'Gomati', '2018-01-27', '2018-01-27', 1, 35),
(694, 'Khowai[8]', '2018-01-27', '2018-01-27', 1, 35),
(695, 'North 35', '2018-01-27', '2018-01-27', 1, 35),
(696, 'Sepahijala[9]', '2018-01-27', '2018-01-27', 1, 35),
(697, 'South 35', '2018-01-27', '2018-01-27', 1, 35),
(698, 'Unokoti[10]', '2018-01-27', '2018-01-27', 1, 35),
(699, 'West 35', '2018-01-27', '2018-01-27', 1, 35),
(700, 'Agra', '2018-01-27', '2018-01-27', 1, 36),
(701, 'Aligarh', '2018-01-27', '2018-01-27', 1, 36),
(702, 'Allahabad', '2018-01-27', '2018-01-27', 1, 36),
(703, 'Ambedkar Nagar', '2018-01-27', '2018-01-27', 1, 36),
(704, 'Auraiya', '2018-01-27', '2018-01-27', 1, 36),
(705, 'Azamgarh', '2018-01-27', '2018-01-27', 1, 36),
(706, 'Bagpat', '2018-01-27', '2018-01-27', 1, 36),
(707, 'Bahraich', '2018-01-27', '2018-01-27', 1, 36),
(708, 'Ballia', '2018-01-27', '2018-01-27', 1, 36),
(709, 'Balrampur (U.P.)', '2018-01-27', '2018-01-27', 1, 36),
(710, 'Banda', '2018-01-27', '2018-01-27', 1, 36),
(711, 'Barabanki', '2018-01-27', '2018-01-27', 1, 36),
(712, 'Bareilly', '2018-01-27', '2018-01-27', 1, 36),
(713, 'Basti', '2018-01-27', '2018-01-27', 1, 36),
(714, 'Bijnor', '2018-01-27', '2018-01-27', 1, 36),
(715, 'Budaun', '2018-01-27', '2018-01-27', 1, 36),
(716, 'Bulandshahr', '2018-01-27', '2018-01-27', 1, 36),
(717, 'Chandauli', '2018-01-27', '2018-01-27', 1, 36),
(718, 'Amethi', '2018-01-27', '2018-01-27', 1, 36),
(719, 'Chitrakoot', '2018-01-27', '2018-01-27', 1, 36),
(720, 'Deoria', '2018-01-27', '2018-01-27', 1, 36),
(721, 'Etah', '2018-01-27', '2018-01-27', 1, 36),
(722, 'Etawah', '2018-01-27', '2018-01-27', 1, 36),
(723, 'Faizabad', '2018-01-27', '2018-01-27', 1, 36),
(724, 'Farrukhabad', '2018-01-27', '2018-01-27', 1, 36),
(725, 'Fatehpur', '2018-01-27', '2018-01-27', 1, 36),
(726, 'Firozabad', '2018-01-27', '2018-01-27', 1, 36),
(727, 'Gautam Buddh Nagar', '2018-01-27', '2018-01-27', 1, 36),
(728, 'Ghaziabad', '2018-01-27', '2018-01-27', 1, 36),
(729, 'Ghazipur', '2018-01-27', '2018-01-27', 1, 36),
(730, 'Gonda', '2018-01-27', '2018-01-27', 1, 36),
(731, 'Gorakhpur', '2018-01-27', '2018-01-27', 1, 36),
(732, 'Hamirpur (U.P.)', '2018-01-27', '2018-01-27', 1, 36),
(733, 'Hardoi', '2018-01-27', '2018-01-27', 1, 36),
(734, 'Hathras (Mahamaya Nagar)', '2018-01-27', '2018-01-27', 1, 36),
(735, 'Jalaun', '2018-01-27', '2018-01-27', 1, 36),
(736, 'Jaunpur district', '2018-01-27', '2018-01-27', 1, 36),
(737, 'Jhansi', '2018-01-27', '2018-01-27', 1, 36),
(738, 'Jyotiba Phule Nagar', '2018-01-27', '2018-01-27', 1, 36),
(739, 'Kannauj', '2018-01-27', '2018-01-27', 1, 36),
(740, 'Kanpur Dehat (Ramabai Nagar)', '2018-01-27', '2018-01-27', 1, 36),
(741, 'Kanpur Nagar', '2018-01-27', '2018-01-27', 1, 36),
(742, 'Kanshi Ram Nagar', '2018-01-27', '2018-01-27', 1, 36),
(743, 'Kaushambi', '2018-01-27', '2018-01-27', 1, 36),
(744, 'Kushinagar', '2018-01-27', '2018-01-27', 1, 36),
(745, 'Lakhimpur Kheri', '2018-01-27', '2018-01-27', 1, 36),
(746, 'Lalitpur', '2018-01-27', '2018-01-27', 1, 36),
(747, 'Lucknow', '2018-01-27', '2018-01-27', 1, 36),
(748, 'Maharajganj', '2018-01-27', '2018-01-27', 1, 36),
(749, 'Mahoba', '2018-01-27', '2018-01-27', 1, 36),
(750, 'Mainpuri', '2018-01-27', '2018-01-27', 1, 36),
(751, 'Mathura', '2018-01-27', '2018-01-27', 1, 36),
(752, 'Mau', '2018-01-27', '2018-01-27', 1, 36),
(753, 'Meerut', '2018-01-27', '2018-01-27', 1, 36),
(754, 'Mirzapur', '2018-01-27', '2018-01-27', 1, 36),
(755, 'Moradabad', '2018-01-27', '2018-01-27', 1, 36),
(756, 'Muzaffarnagar', '2018-01-27', '2018-01-27', 1, 36),
(757, 'Panchsheel Nagar(Hapur)', '2018-01-27', '2018-01-27', 1, 36),
(758, 'Pilibhit', '2018-01-27', '2018-01-27', 1, 36),
(759, 'Pratapgarh (U.P.)', '2018-01-27', '2018-01-27', 1, 36),
(760, 'Raebareli', '2018-01-27', '2018-01-27', 1, 36),
(761, 'Rampur', '2018-01-27', '2018-01-27', 1, 36),
(762, 'Saharanpur', '2018-01-27', '2018-01-27', 1, 36),
(763, 'Sambhal(Bheem Nagar)', '2018-01-27', '2018-01-27', 1, 36),
(764, 'Sant Kabir Nagar', '2018-01-27', '2018-01-27', 1, 36),
(765, 'Sant Ravidas Nagar', '2018-01-27', '2018-01-27', 1, 36),
(766, 'Shahjahanpur', '2018-01-27', '2018-01-27', 1, 36),
(767, 'Shamli[12]', '2018-01-27', '2018-01-27', 1, 36),
(768, 'Shravasti', '2018-01-27', '2018-01-27', 1, 36),
(769, 'Siddharthnagar', '2018-01-27', '2018-01-27', 1, 36),
(770, 'Sitapur', '2018-01-27', '2018-01-27', 1, 36),
(771, 'Sonbhadra', '2018-01-27', '2018-01-27', 1, 36),
(772, 'Sultanpur', '2018-01-27', '2018-01-27', 1, 36),
(773, 'Unnao', '2018-01-27', '2018-01-27', 1, 36),
(774, 'Varanasi', '2018-01-27', '2018-01-27', 1, 36),
(775, 'Almora', '2018-01-27', '2018-01-27', 1, 37),
(776, 'Bageshwar', '2018-01-27', '2018-01-27', 1, 37),
(777, 'Chamoli', '2018-01-27', '2018-01-27', 1, 37),
(778, 'Champawat', '2018-01-27', '2018-01-27', 1, 37),
(779, 'Dehradun', '2018-01-27', '2018-01-27', 1, 37),
(780, 'Haridwar', '2018-01-27', '2018-01-27', 1, 37),
(781, 'Nainital', '2018-01-27', '2018-01-27', 1, 37),
(782, 'Pauri Garhwal', '2018-01-27', '2018-01-27', 1, 37),
(783, 'Pithoragarh', '2018-01-27', '2018-01-27', 1, 37),
(784, 'Rudraprayag', '2018-01-27', '2018-01-27', 1, 37),
(785, 'Tehri Garhwal', '2018-01-27', '2018-01-27', 1, 37),
(786, 'Udham Singh Nagar', '2018-01-27', '2018-01-27', 1, 37),
(787, 'Uttarkashi', '2018-01-27', '2018-01-27', 1, 37),
(788, 'Alipurduar', '2018-01-27', '2018-01-27', 1, 38),
(789, 'Bankura', '2018-01-27', '2018-01-27', 1, 38),
(790, 'Bardhaman', '2018-01-27', '2018-01-27', 1, 38),
(791, 'Birbhum', '2018-01-27', '2018-01-27', 1, 38),
(792, 'Cooch Behar', '2018-01-27', '2018-01-27', 1, 38),
(793, 'Dakshin Dinajpur', '2018-01-27', '2018-01-27', 1, 38),
(794, 'Darjeeling', '2018-01-27', '2018-01-27', 1, 38),
(795, 'Hooghly', '2018-01-27', '2018-01-27', 1, 38),
(796, 'Howrah', '2018-01-27', '2018-01-27', 1, 38),
(797, 'Jalpaiguri', '2018-01-27', '2018-01-27', 1, 38),
(798, 'Kolkata', '2018-01-27', '2018-01-27', 1, 38),
(799, 'Maldah', '2018-01-27', '2018-01-27', 1, 38),
(800, 'Murshidabad', '2018-01-27', '2018-01-27', 1, 38),
(801, 'Nadia', '2018-01-27', '2018-01-27', 1, 38),
(802, 'North 24 Parganas', '2018-01-27', '2018-01-27', 1, 38),
(803, 'Paschim Medinipur', '2018-01-27', '2018-01-27', 1, 38),
(804, 'Purba Medinipur', '2018-01-27', '2018-01-27', 1, 38),
(805, 'Purulia', '2018-01-27', '2018-01-27', 1, 38),
(806, 'South 24 Parganas', '2018-01-27', '2018-01-27', 1, 38),
(807, 'Uttar Dinajpur', '2018-01-27', '2018-01-27', 1, 38);

-- --------------------------------------------------------

--
-- Table structure for table `feedback`
--

CREATE TABLE `feedback` (
  `id` int(11) NOT NULL,
  `firstName` varchar(50) NOT NULL,
  `lastName` varchar(50) NOT NULL,
  `phoneNumber1` varchar(50) NOT NULL,
  `created_at` date NOT NULL,
  `updated_at` date NOT NULL,
  `status` int(11) NOT NULL,
  `attendBy` varchar(50) NOT NULL,
  `reason` varchar(50) NOT NULL,
  `suggestion` varchar(50) NOT NULL
) ENGINE=MyISAM DEFAULT CHARSET=latin1;

--
-- Dumping data for table `feedback`
--

INSERT INTO `feedback` (`id`, `firstName`, `lastName`, `phoneNumber1`, `created_at`, `updated_at`, `status`, `attendBy`, `reason`, `suggestion`) VALUES
(1, 'Forasm', 'Shah', '123456', '2018-01-13', '2018-01-13', 1, 'Person1', 'Reson help', 'suggestion'),
(2, 'Forasm', 'Shah', '123456', '2018-01-13', '2018-01-13', 1, 'Person1', 'Reson help', 'suggestion');

-- --------------------------------------------------------

--
-- Table structure for table `login_users`
--

CREATE TABLE `login_users` (
  `id_user` int(10) UNSIGNED NOT NULL,
  `user_profile` varchar(200) NOT NULL,
  `user_name` varchar(200) NOT NULL,
  `user_password` text NOT NULL,
  `user_level` varchar(150) NOT NULL DEFAULT 'member'
) ENGINE=InnoDB DEFAULT CHARSET=latin1;

--
-- Dumping data for table `login_users`
--

INSERT INTO `login_users` (`id_user`, `user_profile`, `user_name`, `user_password`, `user_level`) VALUES
(1, 'Admin 1', 'admin', '21232f297a57a5a743894a0e4a801fc3', 'admin'),
(2, 'Member 1', 'member', 'aa08769cdcb26674c6706093503ff0a3', 'member');

-- --------------------------------------------------------

--
-- Table structure for table `masterdata`
--

CREATE TABLE `masterdata` (
  `grantType` text,
  `campType` text,
  `campMode` text,
  `caste` text,
  `causeRepair` text,
  `state` text,
  `district` text
) ENGINE=MyISAM DEFAULT CHARSET=latin1;

-- --------------------------------------------------------

--
-- Table structure for table `member`
--

CREATE TABLE `member` (
  `member_id` int(11) NOT NULL,
  `membername` varchar(30) COLLATE utf8_bin NOT NULL,
  `memberrole` varchar(30) COLLATE utf8_bin NOT NULL
) ENGINE=MyISAM DEFAULT CHARSET=utf8 COLLATE=utf8_bin;

--
-- Dumping data for table `member`
--

INSERT INTO `member` (`member_id`, `membername`, `memberrole`) VALUES
(1, 'Nipam', 'Admin');

-- --------------------------------------------------------

--
-- Table structure for table `sponser`
--

CREATE TABLE `sponser` (
  `id` int(11) NOT NULL,
  `name` varchar(100) NOT NULL,
  `created_at` datetime NOT NULL ,
  `updated_at` datetime NOT NULL ,
  `status` varchar(30) NOT NULL DEFAULT 'Active'
) ENGINE=MyISAM DEFAULT CHARSET=latin1;

--
-- Dumping data for table `sponser`
--

INSERT INTO `sponser` (`id`, `name`, `created_at`, `updated_at`, `status`) VALUES
(3, 'Reliance', '2018-08-25 19:40:41', '2018-08-25 19:40:41', 'Active');

-- --------------------------------------------------------

--
-- Table structure for table `state`
--

CREATE TABLE `state` (
  `id` int(11) NOT NULL,
  `stateName` varchar(50) NOT NULL,
  `created_at` date NOT NULL,
  `update_at` date NOT NULL,
  `status` int(11) NOT NULL
) ENGINE=MyISAM DEFAULT CHARSET=latin1;

--
-- Dumping data for table `state`
--

INSERT INTO `state` (`id`, `stateName`, `created_at`, `update_at`, `status`) VALUES
(3, 'Andaman & Nicobar', '2018-01-27', '2018-01-27', 1),
(4, 'Andhra Pradesh', '2018-01-27', '2018-01-27', 1),
(5, 'Arunachal Pradesh', '2018-01-27', '2018-01-27', 1),
(6, 'Assam', '2018-01-27', '2018-01-27', 1),
(7, 'Bihar', '2018-01-27', '2018-01-27', 1),
(8, 'Chandigarh', '2018-01-27', '2018-01-27', 1),
(9, 'Chhatisgarh', '2018-01-27', '2018-01-27', 1),
(10, 'Dadra and Nagar Haveli', '2018-01-27', '2018-01-27', 1),
(11, 'Daman and Diu', '2018-01-27', '2018-01-27', 1),
(12, 'New Delhi', '2018-01-27', '2018-01-27', 1),
(13, 'Goa', '2018-01-27', '2018-01-27', 1),
(14, 'Gujarat', '2018-01-27', '2018-01-27', 1),
(15, 'Haryana', '2018-01-27', '2018-01-27', 1),
(16, 'Himachal Pradesh', '2018-01-27', '2018-01-27', 1),
(17, 'Jammu & Kashmir', '2018-01-27', '2018-01-27', 1),
(18, 'Jharkhand', '2018-01-27', '2018-01-27', 1),
(19, 'Karnataka', '2018-01-27', '2018-01-27', 1),
(20, 'Kerala', '2018-01-27', '2018-01-27', 1),
(21, 'Lakshadweep', '2018-01-27', '2018-01-27', 1),
(22, 'Madhya Pradesh', '2018-01-27', '2018-01-27', 1),
(23, 'Maharashtra', '2018-01-27', '2018-01-27', 1),
(24, 'Manipur', '2018-01-27', '2018-01-27', 1),
(25, 'Meghalaya', '2018-01-27', '2018-01-27', 1),
(26, 'Mizoram', '2018-01-27', '2018-01-27', 1),
(27, 'Nagaland', '2018-01-27', '2018-01-27', 1),
(28, 'Odisha', '2018-01-27', '2018-01-27', 1),
(29, 'Puducherry', '2018-01-27', '2018-01-27', 1),
(30, 'Punjab', '2018-01-27', '2018-01-27', 1),
(31, 'Rajasthan', '2018-01-27', '2018-01-27', 1),
(32, 'Sikkim', '2018-01-27', '2018-01-27', 1),
(33, 'Tamil Nadu', '2018-01-27', '2018-01-27', 1),
(34, 'Telangana', '2018-01-27', '2018-01-27', 1),
(35, 'Tripura', '2018-01-27', '2018-01-27', 1),
(36, 'Uttar Pradesh', '2018-01-27', '2018-01-27', 1),
(37, 'Uttarakhand', '2018-01-27', '2018-01-27', 1),
(38, 'West Bengal', '2018-01-27', '2018-01-27', 1);

-- --------------------------------------------------------

--
-- Table structure for table `user`
--

CREATE TABLE `user` (
  `userid` int(11) NOT NULL,
  `username` text NOT NULL,
  `gender` text NOT NULL,
  `userdob` date NOT NULL,
  `address` text NOT NULL,
  `taluka` text,
  `village` text,
  `city` text,
  `district` text,
  `state` text NOT NULL,
  `country` text NOT NULL,
  `userphone1` int(11) NOT NULL,
  `userphone2` int(11) DEFAULT NULL,
  `zipcode` int(11) NOT NULL,
  `caste` text NOT NULL,
  `gsi` text NOT NULL,
  `bpl` text NOT NULL
) ENGINE=MyISAM DEFAULT CHARSET=latin1;

--
-- Dumping data for table `user`
--

INSERT INTO `user` (`userid`, `username`, `gender`, `userdob`, `address`, `taluka`, `village`, `city`, `district`, `state`, `country`, `userphone1`, `userphone2`, `zipcode`, `caste`, `gsi`, `bpl`) VALUES
(1, 'Nipam', 'Male', '2017-10-04', 'test', 'test', 'test', 'teszt', 'test', 'Kansas', 'India', 1234567890, 1234567890, 380027, 'General', 'yes', 'yes'),
(2, 'User1', 'Male', '2018-01-26', 'test', 'test', 'test', '146', '', '14', 'India', 0, 0, 380027, 'General', 'yes', 'yes'),
(3, 'Nipam', 'Male', '1990-05-11', 'test', 'test', 'test', '146', '', '14', 'India', 1234567890, 1234567890, 380027, 'General', 'yes', 'yes'),
(4, 'Nipam', 'Male', '1990-05-11', 'test', 'test', 'test', 'test', '', ' ', 'India', 1234567890, 1234567890, 380027, 'General', 'yes', 'yes'),
(5, 'test', 'Male', '2018-03-20', 'test', 'tes', 'te', '146', '', '14', 'India', 1234567890, 1234567890, 380027, 'General', 'yes', 'yes'),
(6, 'test', 'Male', '2018-03-20', 'test', 'tes', 'te', 'te', '', '14', 'India', 1234567890, 1234567890, 380027, 'General', 'yes', 'yes'),
(7, 'test', 'Male', '2018-03-20', 'test', 'tes', 'te', 'te', '', '14', 'India', 1234567890, 1234567890, 380027, 'General', 'yes', 'yes'),
(8, 'afsda', 'Male', '2018-07-05', 'qrt', 'esywe', 'tyweye', 'gaeh', '', '14', 'India', 1234567890, 1234567890, 3800, 'General', 'yes', 'no'),
(9, 'Nipam', 'Male', '1990-04-15', 'test', 'test', 'test', 'Ahmedabad', '146', '14', 'India', 1234567890, 1234567890, 380027, 'General', 'yes', 'yes'),
(10, 'foram', 'Male', '2015-11-16', '', 'taluka', 'vlg', 'avad', '146', '14', 'Other', 123456789, 123456789, 380029, 'General', 'yes', 'yes'),
(11, 'foram', 'Female', '1993-11-16', 'adr', 'avad', 'avad', 'ahmedabad', ' ', '14', 'India', 123456789, 123456789, 380027, 'General', 'yes', 'yes');

--
-- Indexes for dumped tables
--

--
-- Indexes for table `campdetails`
--
ALTER TABLE `campdetails`
  ADD PRIMARY KEY (`camp_id`);

--
-- Indexes for table `casedata`
--
ALTER TABLE `casedata`
  ADD PRIMARY KEY (`ncaseid`);

--
-- Indexes for table `district`
--
ALTER TABLE `district`
  ADD PRIMARY KEY (`id`);

--
-- Indexes for table `feedback`
--
ALTER TABLE `feedback`
  ADD PRIMARY KEY (`id`);

--
-- Indexes for table `login_users`
--
ALTER TABLE `login_users`
  ADD PRIMARY KEY (`id_user`);

--
-- Indexes for table `member`
--
ALTER TABLE `member`
  ADD PRIMARY KEY (`member_id`);

--
-- Indexes for table `sponser`
--
ALTER TABLE `sponser`
  ADD PRIMARY KEY (`id`);

--
-- Indexes for table `state`
--
ALTER TABLE `state`
  ADD PRIMARY KEY (`id`);

--
-- Indexes for table `user`
--
ALTER TABLE `user`
  ADD PRIMARY KEY (`userid`);

--
-- AUTO_INCREMENT for dumped tables
--

--
-- AUTO_INCREMENT for table `campdetails`
--
ALTER TABLE `campdetails`
  MODIFY `camp_id` int(11) NOT NULL AUTO_INCREMENT, AUTO_INCREMENT=5;
--
-- AUTO_INCREMENT for table `casedata`
--
ALTER TABLE `casedata`
  MODIFY `ncaseid` int(11) NOT NULL AUTO_INCREMENT, AUTO_INCREMENT=7;
--
-- AUTO_INCREMENT for table `district`
--
ALTER TABLE `district`
  MODIFY `id` int(11) NOT NULL AUTO_INCREMENT, AUTO_INCREMENT=808;
--
-- AUTO_INCREMENT for table `feedback`
--
ALTER TABLE `feedback`
  MODIFY `id` int(11) NOT NULL AUTO_INCREMENT, AUTO_INCREMENT=3;
--
-- AUTO_INCREMENT for table `login_users`
--
ALTER TABLE `login_users`
  MODIFY `id_user` int(10) UNSIGNED NOT NULL AUTO_INCREMENT, AUTO_INCREMENT=3;
--
-- AUTO_INCREMENT for table `member`
--
ALTER TABLE `member`
  MODIFY `member_id` int(11) NOT NULL AUTO_INCREMENT, AUTO_INCREMENT=2;
--
-- AUTO_INCREMENT for table `sponser`
--
ALTER TABLE `sponser`
  MODIFY `id` int(11) NOT NULL AUTO_INCREMENT, AUTO_INCREMENT=4;
--
-- AUTO_INCREMENT for table `state`
--
ALTER TABLE `state`
  MODIFY `id` int(11) NOT NULL AUTO_INCREMENT, AUTO_INCREMENT=39;
--
-- AUTO_INCREMENT for table `user`
--
ALTER TABLE `user`
  MODIFY `userid` int(11) NOT NULL AUTO_INCREMENT, AUTO_INCREMENT=12;
/*!40101 SET CHARACTER_SET_CLIENT=@OLD_CHARACTER_SET_CLIENT */;
/*!40101 SET CHARACTER_SET_RESULTS=@OLD_CHARACTER_SET_RESULTS */;
/*!40101 SET COLLATION_CONNECTION=@OLD_COLLATION_CONNECTION */;
